StartDate,EndDate,Status,Progress,Duration (in seconds),Finished,RecordedDate,ResponseId,DistributionChannel,UserLanguage,Q1.2,Q1.3_1,Q1.3_2,Q1.4,Q1.5,Q1.5_3_TEXT,Q1.6,Q1.6_5_TEXT,Q1.7,Q1.7_7_TEXT,Q1.8,Q1.8_21_TEXT,Q1.9,Q1.10,Q1.11,Q1.12,Q1.13,Q1.14_1,Q1.14_2,Q1.14_3,Q1.14_4,Q1.14_5,Q1.14_6,Q1.14_5_TEXT,Q1.15,Q1.16,Q1.17,Q2.1,Q2.2,Q2.3,Q2.3_4_TEXT,Q2.4,Q2.5,Q2.6,Q2.7_1,Q2.8,Q2.9,Q2.10,Q2.11,date,Q_DataPolicyViolations
2026-05-15 13:32:49,2026-05-15 13:32:49,2,100,0,1,2026-05-15 13:32:49,R_37XelgaoZMSL0qO,test,,301,,,testemail@qemailserver.com,2,,,,,,,,2,-1,Tempus dictumst arcu montes metus nec morbi ut luctus interdum venenatis viverra turpis gravida facilisis.,5,,,,,,,1,,4,,234,1,4,1,,3,20,4,,25,,1,18,5/15/2026,
2026-05-15 13:32:49,2026-05-15 13:32:49,2,100,0,1,2026-05-15 13:32:50,R_bkqf5COXh89AlFQ,test,,238,,,testemail@qemailserver.com,2,,,,,,,,3,10,Vestibulum accumsan nullam tempora! Posuere dictumst. Tortor risus! Proin ligula auctor. Praesent felis.,14,,,,,,,1,,13,,251,1,43,3,,2,10,2,,32,,1,9,5/15/2026,
2026-05-15 13:32:50,2026-05-15 13:32:50,2,100,0,1,2026-05-15 13:32:50,R_3KobaX3vx3C7OCy,test,,235,,,testemail@qemailserver.com,3,Quis pharetra viverra temporibus. Temporibus rutrum laoreet porttitor vivamus donec.,,,,,,,4,17,Pharetra a dictumst auctor. Iaculis donec tellus venenatis vitae est pede.,16,At? Convallis non vehicula nullam felis? Facilisi diam platea! Elit dapibus faucibus neque felis.,,,1,,1,,Massa. Accusamus tincidunt? Lorem pharetra. Odio consectetuer magnis justo dui faucibus.,11,,257,2,29,2,,3,24,13,,29,,1,15,5/15/2026,
2026-05-15 13:32:50,2026-05-15 13:32:50,2,100,0,1,2026-05-15 13:32:50,R_eM16yUP8f3T643Y,test,,208,,,testemail@qemailserver.com,3,"Pharetra etiam pede mi, nullam? Euismod in suscipit duis nonummy dignissim.",,,,,,,2,18,Suspendisse orci. Fringilla integer fringilla? Sollicitudin. Tempus erat aenean elit? Tempor dignissim arcu phasellus.,6,,,,,,,1,,5,,170,2,30,3,,3,21,14,,9,,1,10,5/15/2026,
2026-05-15 13:32:50,2026-05-15 13:32:50,2,100,0,1,2026-05-15 13:32:50,R_1GIiLdGBkr22GQS,test,,105,,,testemail@qemailserver.com,3,Turpis in nunc venenatis odio! Curabitur donec massa nulla nibh metus.,,,,,,,4,9,"Ligula risus pede vulputate vestibulum atque maecenas pede, vel interdum.",9,,,,,,,1,,14,,267,2,6,4,"Cursus, elementum porta montes potenti. Nunc. Aliquam dictumst id iaculis cursus, suscipit felis.",1,8,1,,45,,1,5,5/15/2026,
2026-05-15 13:32:50,2026-05-15 13:32:50,2,100,0,1,2026-05-15 13:32:51,R_a2Doj70XLzNFdjM,test,,183,,,testemail@qemailserver.com,2,,,,,,,,1,18,Tempor diam ipsum sed? Auctor odio. Risus leo dignissim justo non.,10,,,,,,,1,,3,,97,1,43,3,,1,5,10,,29,,0,,5/15/2026,
2026-05-15 13:32:51,2026-05-15 13:32:51,2,100,0,1,2026-05-15 13:32:51,R_7O32GE0OlXkiSpM,test,,151,,,testemail@qemailserver.com,3,"Lacus sem? Ultricies dignissim consequat magnis vitae pellentesque dolor, molestie dui sed.",,,,,,,2,9,Turpis? Urna viverra? Eget euismod urna! Purus felis interdum viverra platea amet tempor suspendisse. Ullamcorper.,1,,,,,1,,,,22,,292,2,31,2,,2,14,16,,14,,0,,5/15/2026,
2026-05-15 13:32:51,2026-05-15 13:32:51,2,100,0,1,2026-05-15 13:32:51,R_emonET7HLXWqaV0,test,,31,,,testemail@qemailserver.com,2,,,,,,,,5,10,"Vulputate. Odio sem metus, pharetra pede. Dignissim turpis, tincidunt. Platea elit aliquam dolorem.",13,,,,,,,1,,5,,391,2,10,1,,1,4,14,,11,,0,,5/15/2026,
2026-05-15 13:32:51,2026-05-15 13:32:51,2,100,0,1,2026-05-15 13:32:51,R_ag8PuS2e88pr5MW,test,,6,,,testemail@qemailserver.com,2,,,,,,,,2,18,Turpis tempor. Diam potenti mauris est eget wisi interdum sagittis rhoncus fringilla.,16,Nulla nullam viverra convallis velit elit sit nullam diam natoque! Wisi massa integer. Integer.,1,,,,1,,"Dapibus, neque, mi dui non aliquam egestas iaculis blandit? Urna proin sit aenean molestie.",24,Gravida ultricies arcu cursus. Gravida luctus nulla aliquet rhoncus accumsan aenean ab mattis.,328,1,10,3,,2,14,11,,0,9,1,2,5/15/2026,
2026-05-15 13:32:51,2026-05-15 13:32:51,2,100,0,1,2026-05-15 13:32:52,R_29NL4P0MUgGZM90,test,,184,,,testemail@qemailserver.com,2,,,,,,,,4,-1,"Tincidunt, culpa placerat sodales blandit mattis, aliquet rutrum per aenean pharetra iaculis primis per ac.",3,,,,,,,1,,15,,141,1,44,4,"Dictumst ultrices. Cras per per. In! Iaculis, eu nibh sit tincidunt facilisis morbi.",2,13,9,,41,,1,14,5/15/2026,
2026-05-15 13:32:52,2026-05-15 13:32:52,2,100,0,1,2026-05-15 13:32:52,R_e99S2WmzLq7yrk2,test,,232,,,testemail@qemailserver.com,1,,4,,,,,,2,19,Non. Eu pellentesque commodo iaculis! Felis aliquam porttitor purus. Id.,13,,1,,,1,,,,16,,332,2,2,2,,1,2,1,,25,,0,,5/15/2026,
2026-05-15 13:32:52,2026-05-15 13:32:52,2,100,0,1,2026-05-15 13:32:52,R_2gCaaSwbtLFRGWG,test,,175,,,testemail@qemailserver.com,1,,1,,5,,19,,2,16,Egestas ligula fermentum vivamus gravida velit a dolor cras neque.,13,,,,,,,1,,3,,295,2,41,2,,2,10,12,,16,,1,15,5/15/2026,
2026-05-15 13:32:52,2026-05-15 13:32:52,2,100,0,1,2026-05-15 13:32:52,R_eLoRE4F1JMlJxiu,test,,243,,,testemail@qemailserver.com,1,,3,,,,,,2,11,"Praesent a. Dictumst neque dictumst viverra quis ullamcorper sit montes, a sodales.",13,,,,,,,1,,19,,142,1,34,3,,3,22,6,,51,,0,,5/15/2026,
2026-05-15 13:32:53,2026-05-15 13:32:53,2,100,0,1,2026-05-15 13:32:53,R_etlb6GhrkbluorY,test,,108,,,testemail@qemailserver.com,1,,2,,2,,7,,1,1,Neque! Eros gravida ut ridiculus augue suspendisse egestas vel molestie. Ut interdum temporibus blandit.,2,,,,,,,1,,10,,221,2,30,4,Vivamus aliquet eget faucibus at vestibulum nec erat duis neque volutpat dignissim porttitor.,2,10,4,,0,6,1,12,5/15/2026,
2026-05-15 13:32:53,2026-05-15 13:32:53,2,100,0,1,2026-05-15 13:32:53,R_bpit59LGOocET7o,test,,275,,,testemail@qemailserver.com,3,Consequat. Montes lorem posuere orci auctor tortor? Temporibus gravida placerat mi lacus faucibus bibendum.,,,,,,,1,20,Malesuada vestibulum primis ante tempus? Gravida metus et rutrum purus consectetuer tempor dui vestibulum.,7,,1,1,1,,1,,"Augue ac, cursus. Pellentesque scelerisque dictumst molestie lorem? Integer porta enim auctor molestie risus.",1,,255,1,39,2,,2,13,6,,32,,0,,5/15/2026,
2026-05-15 13:32:53,2026-05-15 13:32:53,2,100,0,1,2026-05-15 13:32:53,R_8Asatl4ddd06f1Y,test,,242,,,testemail@qemailserver.com,2,,,,,,,,2,6,Natoque ligula. Ipsum metus iaculis neque dolorem sem. Atque. Culpa scelerisque.,4,,,,1,1,1,,Posuere elit! In malesuada magnis? Eget tempus. Facilisi culpa scelerisque suspendisse primis sapien.,17,,305,2,26,4,Tincidunt donec donec cursus. Commodo facilisis sapien phasellus tempor posuere wisi volutpat.,1,1,8,,40,,0,,5/15/2026,
2026-05-15 13:32:53,2026-05-15 13:32:53,2,100,0,1,2026-05-15 13:32:53,R_6lEyLdIaaFIAMwC,test,,73,,,testemail@qemailserver.com,1,,2,,3,,21,Atque odio ultricies ligula mattis pede accumsan venenatis. Nullam euismod nunc amet fusce.,5,2,Mauris facilisi nec et. Dolorem sodales ullamcorper duis porta nec dignissim montes porttitor luctus.,9,,1,,1,,1,,Vestibulum interdum interdum nulla lorem ac potenti massa. Suspendisse amet atque culpa.,14,,309,2,27,3,,2,13,1,,10,,1,7,5/15/2026,
2026-05-15 13:32:53,2026-05-15 13:32:53,2,100,0,1,2026-05-15 13:32:54,R_e2P5Y7o18Pq8ThI,test,,86,,,testemail@qemailserver.com,1,,2,,3,,3,,5,16,Vitae? Suspendisse quam platea aliquet tortor praesent purus montes mattis rhoncus.,9,,,,,,,1,,19,,384,1,18,2,,1,5,11,,11,,0,,5/15/2026,
2026-05-15 13:32:54,2026-05-15 13:32:54,2,100,0,1,2026-05-15 13:32:54,R_9FvXRP0bAWYz0Im,test,,128,,,testemail@qemailserver.com,1,,1,,7,"Lorem gravida. Pharetra lectus iaculis accusamus augue. Arcu at elementum, felis malesuada eget luctus.",17,,1,19,Vel lorem? Curabitur ipsum morbi odio donec neque consectetuer ridiculus massa dolorem morbi placerat.,6,,,,,,,1,,4,,103,2,37,1,,3,21,1,,46,,0,,5/15/2026,
2026-05-15 13:32:54,2026-05-15 13:32:54,2,100,0,1,2026-05-15 13:32:54,R_cuLUnPoPDeEzRoq,test,,196,,,testemail@qemailserver.com,1,,4,,,,,,5,2,Massa tortor volutpat molestie. Convallis massa mi! Faucibus mi. Eu dignissim fringilla! Pellentesque.,14,,,,,,1,,Sed vel tempor mauris rutrum etiam placerat nulla cras dignissim magna nunc pharetra! Primis tempor.,14,,218,2,35,3,,3,18,10,,3,,1,13,5/15/2026,
2026-05-15 13:32:54,2026-05-15 13:32:54,2,100,0,1,2026-05-15 13:32:54,R_40J5ek3C70CXitg,test,,62,,,testemail@qemailserver.com,2,,,,,,,,5,7,Natoque tempor faucibus vel odio sagittis scelerisque venenatis. Wisi tempor. Aenean phasellus.,13,,,1,,,1,,"Ipsum. Nunc dolor! Fringilla nullam ullamcorper accumsan, curabitur enim blandit. Vehicula ante.",1,,310,1,15,4,"Magna vel rutrum! Atque arcu tempora vitae, nullam temporibus donec! Et accumsan massa.",2,11,11,,14,,1,9,5/15/2026,
2026-05-15 13:32:55,2026-05-15 13:32:55,2,100,0,1,2026-05-15 13:32:55,R_0Ar4SDEckoS8RMi,test,,196,,,testemail@qemailserver.com,2,,,,,,,,3,22,"Elementum ipsum! Urna lacus wisi morbi mauris proin, mi auctor quam maecenas ultricies.",11,,,1,,,,,,2,,259,1,32,1,,1,8,3,,47,,1,19,5/15/2026,
2026-05-15 13:32:55,2026-05-15 13:32:55,2,100,0,1,2026-05-15 13:32:55,R_cMSjEO8owaLFXue,test,,93,,,testemail@qemailserver.com,1,,5,"Leo, vehicula sapien est bibendum pretium magnis montes commodo. Platea.",,,,,1,11,Ut nunc laoreet? Interdum. Vel! Tellus dolorem arcu tincidunt malesuada sodales mattis.,3,,,,,,,1,,16,,129,2,3,3,,3,19,13,,33,,1,9,5/15/2026,
2026-05-15 13:32:55,2026-05-15 13:32:55,2,100,0,1,2026-05-15 13:32:56,R_eJmBhQcUOmcA258,test,,17,,,testemail@qemailserver.com,1,,2,,2,,12,,5,7,Nunc vestibulum aliquam. Nullam dolorem. Volutpat non morbi volutpat diam tempus quis egestas leo.,3,,,,,,,1,,10,,328,2,21,2,,2,12,4,,7,,0,,5/15/2026,
2026-05-15 13:32:56,2026-05-15 13:32:56,2,100,0,1,2026-05-15 13:32:56,R_0px22SmmN1RU5Rc,test,,237,,,testemail@qemailserver.com,2,,,,,,,,2,9,Nonummy vehicula lorem vivamus? Pretium pede et tempor blandit maecenas in.,8,,,,,,,1,,21,,168,1,44,3,,1,4,16,,4,,1,1,5/15/2026,
2026-05-15 13:32:56,2026-05-15 13:32:56,2,100,0,1,2026-05-15 13:32:56,R_9FgB1iTgVkah8b4,test,,194,,,testemail@qemailserver.com,1,,2,,1,,13,,4,3,"Cursus, metus bibendum platea fusce donec etiam commodo ultrices dictumst.",6,,,1,1,,,,,4,,168,2,18,4,Lectus. Dolor turpis phasellus lorem leo per! Est placerat ab.,3,23,2,,35,,0,,5/15/2026,
2026-05-15 13:32:56,2026-05-15 13:32:56,2,100,0,1,2026-05-15 13:32:56,R_7Qin1aMSidE1ZdQ,test,,190,,,testemail@qemailserver.com,2,,,,,,,,1,3,"Donec facilisi. Eu neque diam, justo elit bibendum. Sem sagittis elementum platea commodo.",16,Ut tempus metus fermentum! A a nonummy nonummy nonummy ipsum! Sem mattis dolor rutrum.,,,1,,1,,Rutrum. Molestie porta tempus! Purus leo facilisi primis accumsan. Dignissim ut vulputate diam aliquam suscipit.,15,,286,2,27,4,Pellentesque tempora wisi dapibus ac. Fusce. Dictumst magnis! Vel id scelerisque dignissim vulputate.,3,16,11,,47,,1,4,5/15/2026,
2026-05-15 13:32:56,2026-05-15 13:32:56,2,100,0,1,2026-05-15 13:32:57,R_1RMtL8SDS2kNkoe,test,,300,,,testemail@qemailserver.com,1,,4,,,,,,1,2,Fusce. Ac quam nec dolor primis? Culpa neque. Tincidunt tempora? Tempor faucibus.,6,,,,,,,1,,3,,258,2,20,4,"Faucibus vestibulum wisi dolorem? Sodales cras neque dui temporibus ac ullamcorper. Culpa magna quis, pede.",3,22,3,,35,,1,7,5/15/2026,
2026-05-15 13:32:57,2026-05-15 13:32:57,2,100,0,1,2026-05-15 13:32:57,R_4H251xp02tvGI62,test,,7,,,testemail@qemailserver.com,2,,,,,,,,3,12,Lorem morbi sit eget? Luctus facilisi. Turpis interdum arcu purus blandit volutpat placerat.,3,,,,,,,1,,13,,312,2,2,2,,3,15,12,,37,,1,12,5/15/2026,
2026-05-15 13:32:57,2026-05-15 13:32:57,2,100,0,1,2026-05-15 13:32:57,R_a4RahskgJkdq9bo,test,,164,,,testemail@qemailserver.com,2,,,,,,,,1,22,Temporibus. Cursus risus pede sapien sodales mattis tortor imperdiet facilisis at maecenas tempus. Aliquet.,2,,,,,,,1,,21,,263,2,45,2,,3,20,5,,38,,0,,5/15/2026,
2026-05-15 13:32:57,2026-05-15 13:32:57,2,100,0,1,2026-05-15 13:32:57,R_eW1NAaNOEiNopKe,test,,245,,,testemail@qemailserver.com,1,,3,,,,,,1,18,"Posuere nibh et orci posuere. Quis rhoncus natoque, sollicitudin interdum. Curabitur mauris ultricies sodales.",10,,1,,,,1,,"Sem? Porttitor donec, felis eros et! Elementum vel nec pellentesque vestibulum.",11,,168,2,26,1,,1,5,4,,51,,0,,5/15/2026,
2026-05-15 13:32:57,2026-05-15 13:32:57,2,100,0,1,2026-05-15 13:32:57,R_bpHr5vmAcwXIJUi,test,,91,,,testemail@qemailserver.com,3,Quis eros egestas. Interdum imperdiet volutpat orci pellentesque justo mauris dolorem atque.,,,,,,,5,12,Mauris. Porttitor est vel cras. Placerat. Elementum nec ultrices dictumst.,12,,,,,,,1,,11,,352,1,5,4,Pharetra lorem pellentesque sodales malesuada! Duis magnis. Potenti gravida eleifend.,2,11,8,,8,,0,,5/15/2026,
2026-05-15 13:32:58,2026-05-15 13:32:58,2,100,0,1,2026-05-15 13:32:58,R_6nDopBmn46ddqWa,test,,223,,,testemail@qemailserver.com,3,"Donec ac, integer temporibus lacus nonummy iaculis? Convallis in elit fusce. Venenatis dui! Sodales? Neque.",,,,,,,2,21,"Id pede vestibulum. Atque malesuada velit integer pellentesque porta, platea magna suspendisse ac. Vel.",2,,,,,,,1,,8,,140,1,4,1,,3,19,7,,47,,1,2,5/15/2026,
2026-05-15 13:32:58,2026-05-15 13:32:58,2,100,0,1,2026-05-15 13:32:58,R_41MpI859uMgAC0K,test,,243,,,testemail@qemailserver.com,3,Fermentum erat nunc ante est primis est lectus at nonummy integer nunc.,,,,,,,1,-1,"Scelerisque! Facilisi, eget ultricies eleifend ipsum enim. Nonummy accumsan sollicitudin? Facilisis sed.",13,,1,,1,1,1,,Praesent iaculis. Velit eget morbi consectetuer posuere? Morbi sem. Vestibulum gravida suscipit.,21,,254,2,26,2,,1,4,10,,27,,0,,5/15/2026,
2026-05-15 13:32:58,2026-05-15 13:32:58,2,100,0,1,2026-05-15 13:32:58,R_42QnRNPKXzPX0F0,test,,254,,,testemail@qemailserver.com,1,,1,,6,,18,,4,17,"Aliquet accumsan lacus. Pretium tempor ante erat nonummy donec vitae sapien posuere convallis, ante potenti.",7,,,,,,,1,,11,,239,2,26,1,,2,11,8,,35,,1,14,5/15/2026,
2026-05-15 13:32:58,2026-05-15 13:32:58,2,100,0,1,2026-05-15 13:32:59,R_6FQu0WjsV4Jo6nI,test,,75,,,testemail@qemailserver.com,2,,,,,,,,5,16,"Ligula? Dolorem turpis vitae, fusce euismod vestibulum sodales accumsan? Odio suscipit? Eu porta erat.",6,,,,,1,1,,"Erat, culpa nunc ultricies erat, imperdiet? Cursus dolor, integer cursus. Urna! Ullamcorper. Fusce.",24,Purus pellentesque pellentesque dictumst sodales diam malesuada interdum ipsum! Bibendum vulputate et. Diam elementum vel.,311,2,39,4,Purus ridiculus volutpat et proin risus praesent ullamcorper facilisis dictumst maecenas. Blandit porttitor erat.,2,14,4,,4,,0,,5/15/2026,
2026-05-15 13:32:59,2026-05-15 13:32:59,2,100,0,1,2026-05-15 13:32:59,R_5orpYiWDXBHsfB4,test,,296,,,testemail@qemailserver.com,1,,3,,,,,,4,1,"Aliquet ligula! Nulla. Posuere! Scelerisque, urna nullam fusce tincidunt vehicula eu. Fusce? Atque. Ultricies.",9,,,,,,,1,,16,,134,1,33,2,,3,19,1,,1,,0,,5/15/2026,
2026-05-15 13:32:59,2026-05-15 13:32:59,2,100,0,1,2026-05-15 13:32:59,R_1YPNHTh0UDALZbw,test,,83,,,testemail@qemailserver.com,2,,,,,,,,1,17,"Natoque natoque tempus curabitur facilisis, temporibus lacus dolor ab tincidunt! Fermentum! Ultricies posuere.",4,,,,,,,1,,2,,230,2,37,2,,1,9,6,,26,,0,,5/15/2026,
2026-05-15 13:32:59,2026-05-15 13:32:59,2,100,0,1,2026-05-15 13:32:59,R_esPgSYCnslutTNk,test,,43,,,testemail@qemailserver.com,3,"Scelerisque interdum! Ridiculus blandit, felis fermentum accusamus elementum cras? Arcu ab etiam.",,,,,,,4,5,Dignissim turpis vel accumsan eget. Ligula dolor! Erat rhoncus vestibulum.,6,,,,,,,1,,6,,312,2,35,3,,2,14,3,,30,,1,8,5/15/2026,
2026-05-15 13:32:59,2026-05-15 13:32:59,2,100,0,1,2026-05-15 13:33:00,R_3kKwP73ApTsd1ZA,test,,279,,,testemail@qemailserver.com,1,,5,"Aenean? Scelerisque venenatis eros dictumst praesent phasellus sodales mi orci, phasellus! Pede quis elit.",,,,,4,13,"Vivamus nulla sollicitudin, sed temporibus. Aliquet sit, sem gravida risus sagittis vulputate elit risus.",4,,,,,,,1,,2,,169,1,15,3,,1,7,6,,39,,1,20,5/15/2026,
2026-05-15 13:33:00,2026-05-15 13:33:00,2,100,0,1,2026-05-15 13:33:00,R_81HnMfbSKCGwBIa,test,,57,,,testemail@qemailserver.com,1,,4,,,,,,4,12,Fermentum malesuada amet. Interdum sapien pharetra pharetra nec accusamus. In.,9,,,1,1,,1,,Imperdiet dui purus orci. In vitae. Suspendisse cursus sagittis scelerisque cras non.,24,Dignissim! Sed ullamcorper magna pretium integer. Ab? Tempus morbi consequat.,388,2,35,3,,2,11,15,,16,,0,,5/15/2026,
2026-05-15 13:33:00,2026-05-15 13:33:00,2,100,0,1,2026-05-15 13:33:00,R_3JWtQxbE3qWEkuO,test,,31,,,testemail@qemailserver.com,3,Atque a? Metus volutpat amet augue a. Lorem? Nunc vehicula eleifend turpis! Ullamcorper porta temporibus.,,,,,,,3,18,"Mi magna phasellus duis imperdiet eu venenatis, massa quam eros neque. Gravida.",9,,,,,,,1,,12,,332,2,28,1,,2,13,1,,4,,1,5,5/15/2026,
2026-05-15 13:33:00,2026-05-15 13:33:00,2,100,0,1,2026-05-15 13:33:00,R_03r54aoZv9ov3VA,test,,153,,,testemail@qemailserver.com,3,Orci odio risus. Ut. Fusce proin pretium? Porttitor proin rhoncus.,,,,,,,4,5,"Pharetra dolorem ultrices dui donec, aliquam viverra. Risus dui quis iaculis.",11,,,,,,1,,Justo lectus volutpat purus. Maecenas mauris pretium natoque a quis natoque pretium ultrices.,18,,283,2,44,4,"Praesent ipsum dolor? Justo? Vestibulum tempus. Primis est blandit metus laoreet vel, convallis phasellus urna.",2,12,15,,12,,0,,5/15/2026,
2026-05-15 13:33:00,2026-05-15 13:33:00,2,100,0,1,2026-05-15 13:33:01,R_8pEL4AvWqOBrLG6,test,,269,,,testemail@qemailserver.com,2,,,,,,,,2,8,Primis culpa praesent mauris elementum per tempus vivamus tempus rhoncus.,16,"Iaculis faucibus pretium natoque commodo! Velit, lectus vulputate tempora nunc sit! Lorem.",,,1,1,,,,7,,364,1,23,4,Arcu sed ab diam luctus ante egestas porta laoreet ante? Sit tempus sed elementum in.,2,11,2,,51,,0,,5/15/2026,
2026-05-15 13:33:01,2026-05-15 13:33:01,2,100,0,1,2026-05-15 13:33:01,R_393ALEA6ylj3G4e,test,,230,,,testemail@qemailserver.com,1,,5,"Euismod integer? Ullamcorper facilisis montes dolor amet dolor ullamcorper, dolorem sagittis eros nec rutrum.",,,,,2,18,Dictumst? Ipsum faucibus tempor wisi magna suspendisse sed aliquet facilisi eros leo.,14,,,1,,,1,,Dui turpis mi. Suscipit nullam lectus! Risus pede ligula convallis eu dolorem dolor curabitur magnis.,14,,251,1,5,1,,2,10,8,,16,,0,,5/15/2026,
2026-05-15 13:33:01,2026-05-15 13:33:01,2,100,0,1,2026-05-15 13:33:01,R_5j4epwFjm4c3Fsi,test,,23,,,testemail@qemailserver.com,2,,,,,,,,2,22,Eros sit. Vel curabitur turpis. Ut? Odio? Gravida sit accumsan.,7,,,,,,,1,,7,,168,2,20,1,,1,2,9,,49,,0,,5/15/2026,
2026-05-15 13:33:01,2026-05-15 13:33:01,2,100,0,1,2026-05-15 13:33:02,R_6lDxzwOPwPK2rye,test,,287,,,testemail@qemailserver.com,2,,,,,,,,4,19,Dui tempora. Vulputate? Scelerisque! Eu. Aliquet vestibulum vel lectus proin ante vitae! Blandit. Urna.,8,,,,1,1,1,,Mi convallis nonummy platea natoque ipsum integer a primis posuere sed at. Massa nulla fringilla.,14,,348,1,38,4,Nibh arcu cursus cras enim nullam suspendisse molestie odio duis nullam elit.,3,17,2,,36,,0,,5/15/2026,
2026-05-15 13:33:02,2026-05-15 13:33:02,2,100,0,1,2026-05-15 13:33:02,R_4SJW7O0wkctjjng,test,,163,,,testemail@qemailserver.com,3,Laoreet tellus vestibulum eros gravida metus vitae pretium laoreet gravida accumsan? Odio fermentum.,,,,,,,4,18,Tincidunt vitae urna commodo. Urna malesuada ultricies enim. Eget ullamcorper laoreet atque dictumst.,5,,,,,,,1,,3,,332,2,38,4,Curabitur tincidunt vehicula. Est facilisis! Maecenas euismod scelerisque sed blandit suscipit. Erat egestas praesent.,1,2,16,,14,,0,,5/15/2026,
2026-05-15 13:33:02,2026-05-15 13:33:02,2,100,0,1,2026-05-15 13:33:02,R_38FSytHNccq5bBc,test,,159,,,testemail@qemailserver.com,3,Pretium urna enim! A tincidunt scelerisque nunc mi culpa natoque. Aenean fringilla mattis bibendum molestie.,,,,,,,3,11,"Massa. Quis auctor amet! Non eget arcu, duis mattis tincidunt? Egestas bibendum dictumst.",1,,,,,,,1,,21,,159,2,13,2,,1,9,10,,32,,1,20,5/15/2026,
2026-05-15 13:33:02,2026-05-15 13:33:02,2,100,0,1,2026-05-15 13:33:03,R_bNP0yofwBcUuNn0,test,,79,,,testemail@qemailserver.com,1,,1,,5,,18,,4,22,"Nullam proin aliquet, vel aliquet platea mattis? Blandit pede pellentesque.",4,,1,,,1,1,,Malesuada magnis arcu. Ultricies id eget? Faucibus quis sed aenean.,5,,266,1,33,3,,2,10,2,,49,,0,,5/15/2026,
2026-05-15 13:33:03,2026-05-15 13:33:03,2,100,0,1,2026-05-15 13:33:03,R_3805CqgAvGxY13U,test,,210,,,testemail@qemailserver.com,3,"Nibh lorem mauris nibh scelerisque nulla, sapien diam! Nullam fermentum cursus donec turpis pellentesque.",,,,,,,1,7,Nulla! Ullamcorper aliquam non diam vitae quam ligula elit amet sit! Per maecenas fusce.,3,,,,,,,1,,19,,317,1,34,2,,1,5,11,,39,,1,5,5/15/2026,
2026-05-15 13:33:03,2026-05-15 13:33:03,2,100,0,1,2026-05-15 13:33:03,R_0Pt7vEJC32KBIjA,test,,165,,,testemail@qemailserver.com,3,Vehicula commodo rutrum pharetra pharetra. Curabitur molestie auctor mauris erat quis ut nonummy. Curabitur.,,,,,,,2,2,Metus praesent placerat consequat purus? Rhoncus montes! Ab bibendum proin. Nibh? Non neque? Curabitur dolor.,7,,,1,,1,,,,3,,237,2,5,1,,3,18,5,,44,,1,15,5/15/2026,
2026-05-15 13:33:03,2026-05-15 13:33:03,2,100,0,1,2026-05-15 13:33:03,R_0x0jZdFtoWVP0H4,test,,268,,,testemail@qemailserver.com,2,,,,,,,,2,3,Viverra iaculis placerat phasellus ac neque lectus aliquet consequat vitae.,8,,1,,1,1,,,,8,,367,2,24,2,,1,7,10,,11,,0,,5/15/2026,
2026-05-15 13:33:03,2026-05-15 13:33:03,2,100,0,1,2026-05-15 13:33:04,R_bDv5IZb2Z4ADu5M,test,,196,,,testemail@qemailserver.com,1,,3,,,,,,3,20,"Sollicitudin? Malesuada. Molestie neque in commodo, atque vehicula? Curabitur et odio ut auctor! Mattis! Mauris.",6,,,,,,,1,,6,,229,2,33,4,Vehicula euismod? Accusamus risus blandit lacus? Pharetra neque volutpat id mauris.,3,23,9,,49,,1,18,5/15/2026,
2026-05-15 13:33:04,2026-05-15 13:33:04,2,100,0,1,2026-05-15 13:33:04,R_00vdZQwiu4zwfhs,test,,98,,,testemail@qemailserver.com,1,,2,,1,,16,,5,20,Dolorem dolorem! Praesent magnis sit neque. Pharetra! Placerat orci felis. Ab.,3,,,,,,,1,,19,,158,1,5,4,"Primis scelerisque vel, viverra erat rhoncus mattis ultricies et etiam.",3,24,14,,27,,0,,5/15/2026,
2026-05-15 13:33:04,2026-05-15 13:33:04,2,100,0,1,2026-05-15 13:33:04,R_bsF5v8geILKjQH4,test,,265,,,testemail@qemailserver.com,1,,1,,6,,21,Tempora auctor pede? Iaculis primis velit eget tellus magnis per phasellus dapibus erat! Leo mi.,3,8,"Dui. Fusce, bibendum? Odio diam. Accumsan! Accusamus accumsan, culpa ligula rutrum orci culpa atque.",5,,,,,,,1,,4,,122,2,3,1,,1,6,4,,31,,1,14,5/15/2026,
2026-05-15 13:33:04,2026-05-15 13:33:04,2,100,0,1,2026-05-15 13:33:04,R_8p2YXSOaNL9QNYa,test,,223,,,testemail@qemailserver.com,3,Urna sodales sit! Potenti faucibus praesent integer pede molestie vitae.,,,,,,,3,15,Rhoncus bibendum mattis felis per neque porttitor? Lectus blandit id. Imperdiet.,14,,,1,,1,,,,4,,334,2,8,1,,2,13,12,,20,,1,3,5/15/2026,
2026-05-15 13:33:04,2026-05-15 13:33:04,2,100,0,1,2026-05-15 13:33:05,R_bNOyIEwL2Xf3aJw,test,,238,,,testemail@qemailserver.com,1,,3,,,,,,2,18,Maecenas sem! Facilisi in bibendum urna egestas luctus nec sem.,5,,1,,,,,,,4,,308,1,19,2,,3,18,12,,51,,0,,5/15/2026,
2026-05-15 13:33:05,2026-05-15 13:33:05,2,100,0,1,2026-05-15 13:33:05,R_6lN8wxhRXakwZa6,test,,150,,,testemail@qemailserver.com,1,,5,"Ultrices culpa phasellus molestie platea erat nonummy odio rutrum? Luctus, accusamus fringilla iaculis turpis donec.",,,,,5,16,Temporibus erat sagittis a temporibus per dolorem duis! Enim? Neque magna.,3,,,,,,,1,,7,,213,1,17,4,Vestibulum urna aliquet? Consectetuer? Euismod posuere gravida. Mi dolorem ultricies. Arcu luctus facilisi culpa.,1,6,8,,35,,0,,5/15/2026,
2026-05-15 13:33:05,2026-05-15 13:33:05,2,100,0,1,2026-05-15 13:33:05,R_4Mch5J361G0PQuG,test,,64,,,testemail@qemailserver.com,3,"Primis interdum accumsan. Elementum. Ultricies, atque morbi massa, a porta etiam proin velit augue.",,,,,,,1,12,Placerat scelerisque purus accumsan tempor pede. Sodales tortor diam cras leo atque elit.,7,,,,1,1,1,,Ante arcu! Per natoque? Metus maecenas ridiculus curabitur! Phasellus eleifend. Eget. Eleifend. Eros.,21,,186,2,21,4,Wisi platea purus ac viverra dignissim! Ultricies etiam neque! Sollicitudin amet tincidunt blandit? Per.,2,14,5,,24,,0,,5/15/2026,
2026-05-15 13:33:05,2026-05-15 13:33:05,2,100,0,1,2026-05-15 13:33:05,R_8IGrRoGr4PiM6we,test,,192,,,testemail@qemailserver.com,1,,4,,,,,,5,4,Amet egestas duis ultrices odio temporibus? Id gravida natoque laoreet primis.,6,,,,,,,1,,13,,166,1,5,4,Accusamus cras metus sit? Aenean venenatis gravida interdum. Aenean tempor tempor tempus eget.,2,10,8,,2,,1,7,5/15/2026,
2026-05-15 13:33:05,2026-05-15 13:33:05,2,100,0,1,2026-05-15 13:33:06,R_9XKqdqhWjYWaxYa,test,,292,,,testemail@qemailserver.com,1,,3,,,,,,5,8,Nulla ut! Donec morbi? Euismod pretium. Consectetuer. Scelerisque accusamus fringilla felis mi? Pretium lectus dignissim.,10,,,,,,,1,,3,,371,1,26,1,,1,9,3,,46,,1,16,5/15/2026,
2026-05-15 13:33:06,2026-05-15 13:33:06,2,100,0,1,2026-05-15 13:33:06,R_1Xm7hGvyoxnOmPQ,test,,240,,,testemail@qemailserver.com,2,,,,,,,,1,7,At eros vel scelerisque urna at consectetuer venenatis wisi viverra blandit eu.,8,,,,,,,1,,10,,203,2,21,3,,2,10,8,,29,,0,,5/15/2026,
2026-05-15 13:33:06,2026-05-15 13:33:06,2,100,0,1,2026-05-15 13:33:06,R_efztKmDnG1ej71A,test,,176,,,testemail@qemailserver.com,2,,,,,,,,2,16,"Metus platea augue purus, ab est eros lectus. Commodo ac.",13,,,,,,,1,,15,,268,1,2,3,,2,13,4,,33,,0,,5/15/2026,
2026-05-15 13:33:06,2026-05-15 13:33:06,2,100,0,1,2026-05-15 13:33:06,R_e5HQYNnvx7kDpKS,test,,132,,,testemail@qemailserver.com,2,,,,,,,,5,12,"Rutrum. Leo egestas wisi non at vel a. Wisi, amet.",4,,,,,,,1,,23,,339,2,28,2,,2,11,10,,15,,0,,5/15/2026,
2026-05-15 13:33:06,2026-05-15 13:33:06,2,100,0,1,2026-05-15 13:33:06,R_d0UVlp4hYjjbG8m,test,,183,,,testemail@qemailserver.com,2,,,,,,,,5,7,Natoque. Sit integer magnis? Nulla consectetuer magnis pede dolor ipsum primis aenean? A pretium.,16,Pellentesque ultrices rutrum per luctus cursus natoque posuere per. Porta. Sapien. Cras aenean bibendum eu.,,1,,,1,,Eget rutrum augue magnis per eu. Ultricies felis non iaculis massa primis dignissim metus. Fermentum.,4,,340,2,33,1,,3,19,14,,6,,1,10,5/15/2026,
2026-05-15 13:33:07,2026-05-15 13:33:07,2,100,0,1,2026-05-15 13:33:07,R_6L3L8OMvmyOBaMC,test,,302,,,testemail@qemailserver.com,2,,,,,,,,2,19,Elementum vivamus cras lacus laoreet quam ultricies volutpat tempor magnis convallis volutpat eget.,5,,,,,,,1,,24,"Eros fusce cursus, mattis! Mi, sapien enim metus per. Augue. Eu natoque dapibus cras.",211,1,12,3,,1,8,12,,2,,0,,5/15/2026,
2026-05-15 13:33:07,2026-05-15 13:33:07,2,100,0,1,2026-05-15 13:33:07,R_7ZFzMrpGsEj9aYe,test,,37,,,testemail@qemailserver.com,1,,1,,5,,21,Aliquam. Temporibus nonummy neque massa magnis curabitur mauris. Etiam? Sodales.,4,15,Accusamus pede maecenas mauris neque platea ridiculus sed dignissim laoreet a.,14,,,,,,,1,,8,,262,2,13,2,,3,19,12,,51,,0,,5/15/2026,
2026-05-15 13:33:07,2026-05-15 13:33:07,2,100,0,1,2026-05-15 13:33:07,R_2bkgrmMdpjApVc2,test,,273,,,testemail@qemailserver.com,2,,,,,,,,3,3,Vitae purus. Amet vivamus scelerisque maecenas nulla tortor auctor atque ante vel. Accusamus neque arcu.,6,,1,,,,,,,24,"Blandit ab, molestie vehicula justo atque viverra lorem tempus sodales vivamus aliquam nullam.",383,1,27,1,,2,14,4,,0,5,0,,5/15/2026,
2026-05-15 13:33:07,2026-05-15 13:33:07,2,100,0,1,2026-05-15 13:33:07,R_9mnCBQBvGrbOIGa,test,,11,,,testemail@qemailserver.com,2,,,,,,,,5,19,Venenatis non augue ac faucibus suspendisse sit viverra sollicitudin euismod tempus. Suscipit.,7,,,,,,,1,,3,,221,1,10,4,Nonummy maecenas interdum dictumst amet id. Suscipit vitae nunc natoque.,1,7,2,,38,,1,18,5/15/2026,
2026-05-15 13:33:07,2026-05-15 13:33:07,2,100,0,1,2026-05-15 13:33:08,R_6GtZUUDRz5QT5Xw,test,,221,,,testemail@qemailserver.com,1,,5,Orci tempor quam mattis diam aliquam dolorem eleifend velit interdum amet at ab ultrices.,,,,,1,7,Faucibus magnis a blandit lectus ipsum. Rutrum! Consequat proin scelerisque convallis. Et magna.,10,,,,,,,1,,9,,219,2,2,3,,2,11,10,,22,,1,8,5/15/2026,
2026-05-15 13:33:08,2026-05-15 13:33:08,2,100,0,1,2026-05-15 13:33:08,R_3JWupf9sxITJsuG,test,,105,,,testemail@qemailserver.com,3,"Posuere? Imperdiet potenti, pellentesque primis. Mi est nonummy placerat platea placerat dolor, facilisis! Facilisi.",,,,,,,4,9,"Vivamus leo facilisis neque, cursus nonummy elit auctor odio tempus a, metus donec, curabitur. Porta.",3,,,,,,,1,,16,,216,1,21,3,,3,15,8,,25,,1,7,5/15/2026,
2026-05-15 13:33:08,2026-05-15 13:33:08,2,100,0,1,2026-05-15 13:33:08,R_9KSE74aGKHp8vbg,test,,138,,,testemail@qemailserver.com,2,,,,,,,,2,7,"Montes et egestas, rhoncus? Lorem? Iaculis euismod felis convallis odio tempus risus fringilla.",8,,1,1,,,,,,18,,372,2,12,4,"Dignissim convallis nonummy? Molestie potenti eleifend nullam, erat augue convallis nec.",2,13,14,,23,,1,8,5/15/2026,
2026-05-15 13:33:08,2026-05-15 13:33:08,2,100,0,1,2026-05-15 13:33:08,R_byAZAfSXu4zcclg,test,,55,,,testemail@qemailserver.com,1,,1,,7,At tortor sagittis fermentum tincidunt eget elementum dolorem orci. Placerat vestibulum.,17,,4,18,"Neque. Bibendum metus. Nullam dui, sapien? Mauris cursus, blandit lectus dolorem? Ac.",13,,,,,,,1,,2,,294,2,12,3,,2,11,15,,13,,0,,5/15/2026,
2026-05-15 13:33:08,2026-05-15 13:33:08,2,100,0,1,2026-05-15 13:33:09,R_3HRdcrMgdjYLRYy,test,,121,,,testemail@qemailserver.com,1,,3,,,,,,4,11,Maecenas commodo posuere fermentum massa? Id dolorem? Suscipit phasellus! Accumsan.,9,,,,,,,1,,12,,189,2,6,4,Facilisi pede? Est culpa molestie erat arcu amet! Maecenas. Dapibus! Viverra.,2,12,13,,27,,1,16,5/15/2026,
2026-05-15 13:33:09,2026-05-15 13:33:09,2,100,0,1,2026-05-15 13:33:09,R_cvUbMlQn5OFxNIO,test,,119,,,testemail@qemailserver.com,2,,,,,,,,4,12,Mattis magnis! Culpa bibendum natoque platea quam id risus consectetuer eu. Euismod pharetra consectetuer.,10,,,,,,,1,,10,,185,2,36,4,Vulputate! At dignissim odio mi vulputate mi nunc placerat. Mattis bibendum sit iaculis.,2,11,14,,6,,0,,5/15/2026,
2026-05-15 13:33:09,2026-05-15 13:33:09,2,100,0,1,2026-05-15 13:33:09,R_5C3KeBqTJh4ggt0,test,,285,,,testemail@qemailserver.com,1,,1,,5,,19,,1,19,"Accumsan, accumsan placerat, porttitor ab justo magna. Interdum dolorem ac a eget tempor. Ullamcorper proin.",13,,1,1,,,1,,Ligula suspendisse fermentum nonummy posuere suspendisse lorem dapibus nonummy ante? Fringilla.,3,,236,1,12,1,,3,18,15,,17,,0,,5/15/2026,
2026-05-15 13:33:09,2026-05-15 13:33:09,2,100,0,1,2026-05-15 13:33:09,R_5ih8KSUMj83A5bo,test,,30,,,testemail@qemailserver.com,1,,3,,,,,,2,7,Ullamcorper placerat! Tempor tellus pede? Ridiculus id sem praesent at cursus ante.,13,,,,,,,1,,6,,338,2,33,3,,2,13,11,,47,,0,,5/15/2026,
2026-05-15 13:33:09,2026-05-15 13:33:09,2,100,0,1,2026-05-15 13:33:09,R_9KB1XaUz42ngp4q,test,,48,,,testemail@qemailserver.com,2,,,,,,,,5,11,"Quam eu ipsum malesuada magna? Faucibus sit. Ab, neque. Pede.",10,,,,,,,1,,23,,372,1,14,2,,2,11,2,,21,,0,,5/15/2026,
2026-05-15 13:33:10,2026-05-15 13:33:10,2,100,0,1,2026-05-15 13:33:10,R_6QpG9Dz2Vah6JkW,test,,142,,,testemail@qemailserver.com,1,,2,,2,,1,,3,13,Pharetra? Mi ante ac ac pede. Sollicitudin elementum dignissim integer euismod iaculis pharetra duis nibh.,14,,,,,,,1,,11,,94,2,45,4,"Gravida faucibus consequat rutrum? Consequat risus sit bibendum, eu nec imperdiet dapibus facilisis! Sagittis duis.",3,16,15,,49,,0,,5/15/2026,
2026-05-15 13:33:10,2026-05-15 13:33:10,2,100,0,1,2026-05-15 13:33:10,R_8kwcxDb6JWlRy62,test,,138,,,testemail@qemailserver.com,3,Blandit suscipit tellus dolorem enim. Pellentesque non! Sed. Ut! Blandit sem ac.,,,,,,,4,15,"Sodales fusce risus tempus platea egestas, eleifend lectus pellentesque fermentum dapibus.",9,,,,,,,1,,12,,200,1,43,4,"Tellus integer dolor egestas accumsan. Tellus consequat phasellus ut, vel pretium ut urna. Euismod.",2,11,2,,2,,1,9,5/15/2026,
2026-05-15 13:33:10,2026-05-15 13:33:10,2,100,0,1,2026-05-15 13:33:10,R_6gH062ZObaqw6ii,test,,220,,,testemail@qemailserver.com,3,"In. Fusce? Accusamus quis vulputate ut diam cras, pharetra atque, ac a augue at.",,,,,,,3,9,Temporibus placerat ultrices. Volutpat scelerisque placerat tincidunt enim pellentesque risus ut. Dapibus porta purus ligula.,13,,,1,,1,,,,20,,128,2,41,4,Faucibus aliquet consectetuer rhoncus lacus iaculis. Etiam temporibus laoreet viverra maecenas.,3,16,3,,14,,0,,5/15/2026,
2026-05-15 13:33:10,2026-05-15 13:33:10,2,100,0,1,2026-05-15 13:33:10,R_eYjuHeJJLMsVxEW,test,,280,,,testemail@qemailserver.com,1,,2,,4,,1,,1,11,Primis tortor dignissim dapibus donec. Egestas et potenti molestie mattis amet enim.,6,,,1,1,1,1,,"Atque potenti ab magnis velit elit facilisi purus tellus dolorem, molestie.",23,,141,2,9,4,"Amet wisi convallis. Fermentum, est et. Atque ridiculus elit enim sapien commodo.",1,7,3,,2,,1,18,5/15/2026,
2026-05-15 13:33:11,2026-05-15 13:33:11,2,100,0,1,2026-05-15 13:33:11,R_dp1L2TsK7ojSVDg,test,,147,,,testemail@qemailserver.com,1,,4,,,,,,1,22,Suspendisse ultricies metus tortor ullamcorper praesent. Vel commodo pharetra wisi! Ultricies sit vitae.,13,,1,,,1,,,,23,,119,1,2,1,,1,4,11,,6,,0,,5/15/2026,
2026-05-15 13:33:11,2026-05-15 13:33:11,2,100,0,1,2026-05-15 13:33:11,R_9Xrmmwms16U5G0C,test,,24,,,testemail@qemailserver.com,1,,5,Bibendum integer. Sit amet nulla luctus? Ante duis porttitor natoque. Metus.,,,,,2,16,Tempora sodales maecenas? Malesuada? Luctus sapien sit platea? Nibh lacus justo justo odio.,10,,,,,,,1,,15,,263,2,39,1,,1,6,4,,46,,1,11,5/15/2026,
2026-05-15 13:33:11,2026-05-15 13:33:11,2,100,0,1,2026-05-15 13:33:11,R_3avdRuvYn0VgoqG,test,,293,,,testemail@qemailserver.com,2,,,,,,,,5,4,Blandit pede accusamus tellus bibendum! Mi. Eu placerat phasellus tempor cursus a.,5,,,,,,1,,Eros quis vehicula suscipit proin scelerisque primis quis fringilla quis ut nullam elit.,7,,182,2,34,4,Nec aenean velit pellentesque. Auctor aliquet. Dolorem cursus volutpat quis a magna.,3,18,16,,45,,0,,5/15/2026,
2026-05-15 13:33:11,2026-05-15 13:33:11,2,100,0,1,2026-05-15 13:33:11,R_4YJZVrVudYP9Wxo,test,,130,,,testemail@qemailserver.com,2,,,,,,,,1,1,Ultrices. Nulla sagittis auctor nonummy cursus. Magnis dui etiam! Quam orci.,7,,1,1,1,1,1,,Placerat. Atque suscipit suscipit aenean odio arcu vestibulum natoque vitae enim porta. Praesent.,19,,246,2,26,2,,2,14,1,,6,,1,5,5/15/2026,
2026-05-15 13:33:11,2026-05-15 13:33:12,2,100,1,1,2026-05-15 13:33:12,R_02EMoN0CAMkXxbg,test,,13,,,testemail@qemailserver.com,1,,4,,,,,,5,2,"Augue ipsum eleifend bibendum! Montes risus amet malesuada, vestibulum. Etiam.",9,,1,1,1,,,,,17,,114,1,26,4,Tortor. Dapibus et! Egestas atque tempora iaculis viverra arcu egestas placerat maecenas.,2,12,10,,49,,0,,5/15/2026,
2026-05-15 13:33:12,2026-05-15 13:33:12,2,100,0,1,2026-05-15 13:33:12,R_ePpSo80Iqqpn7im,test,,200,,,testemail@qemailserver.com,3,Volutpat accusamus suscipit? Vivamus. Porta? Eros nulla ligula! Suspendisse ullamcorper.,,,,,,,2,11,Turpis pellentesque dapibus! Sollicitudin molestie per sed facilisi. Tincidunt interdum convallis.,12,,,,,,,1,,14,,399,1,15,1,,1,9,3,,13,,0,,5/15/2026,
2026-05-15 13:33:12,2026-05-15 13:33:12,2,100,0,1,2026-05-15 13:33:12,R_4OfSo18bYnAzlau,test,,92,,,testemail@qemailserver.com,3,"Tempor duis justo sit, enim dapibus dignissim rutrum leo laoreet.",,,,,,,4,3,"Rutrum natoque dolorem, neque vulputate scelerisque quam nec blandit egestas sollicitudin.",12,,1,1,,1,1,,"Est ac vitae dolorem dapibus suscipit, consequat ullamcorper magnis pede natoque sed per volutpat dictumst.",1,,197,2,31,2,,2,13,10,,28,,0,,5/15/2026,
2026-05-15 13:33:12,2026-05-15 13:33:12,2,100,0,1,2026-05-15 13:33:12,R_00cd2YR3UU0uho2,test,,274,,,testemail@qemailserver.com,3,"Gravida platea. Facilisi gravida quam aenean, pellentesque ullamcorper at atque risus malesuada? Malesuada. Enim fusce.",,,,,,,2,13,Eros curabitur malesuada in lectus magna rutrum vitae rhoncus felis massa.,12,,,,,,,1,,18,,243,1,34,1,,2,13,6,,38,,0,,5/15/2026,
2026-05-15 13:33:12,2026-05-15 13:33:12,2,100,0,1,2026-05-15 13:33:13,R_87kPsv3amF0zxR4,test,,187,,,testemail@qemailserver.com,1,,4,,,,,,3,16,Faucibus per ullamcorper vitae ultrices. Suscipit aliquet urna arcu aliquam? Praesent suscipit.,5,,,,,,,1,,14,,239,1,2,1,,3,22,8,,40,,1,8,5/15/2026,
2026-05-15 13:33:13,2026-05-15 13:33:13,2,100,0,1,2026-05-15 13:33:13,R_0q65LICeMzB2oCO,test,,22,,,testemail@qemailserver.com,2,,,,,,,,2,1,Metus? Dapibus phasellus facilisi. Lacus culpa eu euismod est sollicitudin eget. Sed. Nunc vestibulum risus.,2,,,,,,,1,,6,,229,2,21,2,,3,15,11,,12,,0,,5/15/2026,
2026-05-15 13:33:13,2026-05-15 13:33:13,2,100,0,1,2026-05-15 13:33:13,R_b1PDL6KttTE35pY,test,,222,,,testemail@qemailserver.com,3,Porttitor auctor risus praesent faucibus donec blandit primis ipsum per lectus dolor nibh ultricies tempor.,,,,,,,3,7,Dolor arcu eu turpis dolor iaculis enim odio in ac odio.,1,,,,,,,1,,13,,236,1,9,3,,3,22,2,,48,,0,,5/15/2026,
2026-05-15 13:33:13,2026-05-15 13:33:13,2,100,0,1,2026-05-15 13:33:13,R_eE6WBFN8gNR24aa,test,,298,,,testemail@qemailserver.com,3,"Nullam temporibus ipsum quis, urna suscipit velit integer sagittis sodales! Luctus sit.",,,,,,,5,-1,Et auctor mattis? Laoreet. Vehicula gravida fermentum velit elementum placerat.,6,,,,,,,1,,8,,341,1,29,2,,3,23,7,,17,,1,1,5/15/2026,
2026-05-15 13:33:13,2026-05-15 13:33:13,2,100,0,1,2026-05-15 13:33:14,R_9mXNwRusPHqdMq2,test,,232,,,testemail@qemailserver.com,1,,5,"Dictumst iaculis consequat facilisi felis, vestibulum elementum natoque vel? Aenean! Suscipit. Turpis.",,,,,4,6,Pretium erat justo. Suscipit wisi. Suscipit. Mauris sodales magna dapibus rutrum.,7,,,1,,,,,,24,Facilisi lorem viverra. Temporibus ridiculus? Sagittis. Quam quam porta? At dui.,269,1,5,1,,1,8,15,,47,,1,14,5/15/2026,
2026-05-15 13:33:14,2026-05-15 13:33:14,2,100,0,1,2026-05-15 13:33:14,R_8k9OCxEKRbPEuTc,test,,9,,,testemail@qemailserver.com,1,,1,,5,,21,Enim nibh dignissim morbi fermentum ante ligula. Risus montes nonummy phasellus montes leo posuere risus.,1,22,Risus sollicitudin rhoncus. Tempor erat duis. Mi dapibus nec mattis fusce proin sapien.,4,,,,,,,1,,22,,134,2,25,2,,1,9,15,,45,,0,,5/15/2026,
2026-05-15 13:33:14,2026-05-15 13:33:14,2,100,0,1,2026-05-15 13:33:14,R_cDfgxFJs0cTxUIS,test,,212,,,testemail@qemailserver.com,2,,,,,,,,2,22,Tempora fusce primis ridiculus ullamcorper massa ligula quis cras egestas per purus auctor sed dolor.,11,,,,1,1,1,,Per egestas? Per risus. Nulla nibh est atque fringilla non duis! Per eget.,19,,290,1,24,4,Vehicula commodo auctor facilisis facilisi tempor id tortor ligula vehicula posuere.,2,14,13,,39,,0,,5/15/2026,
2026-05-15 13:33:14,2026-05-15 13:33:14,2,100,0,1,2026-05-15 13:33:14,R_ahMC9XxIgKVGp7g,test,,194,,,testemail@qemailserver.com,2,,,,,,,,5,2,Justo per vestibulum ut fringilla sit accusamus duis tincidunt eros curabitur.,3,,,,,1,,,,12,,382,1,45,2,,2,11,3,,19,,1,15,5/15/2026,
2026-05-15 13:33:14,2026-05-15 13:33:14,2,100,0,1,2026-05-15 13:33:15,R_3J0VJcraGywCyt8,test,,81,,,testemail@qemailserver.com,1,,2,,2,,10,,5,1,Dictumst sollicitudin quam convallis lorem. Phasellus atque sed purus rutrum aliquam.,2,,,,,,,1,,19,,110,2,6,3,,2,12,6,,14,,0,,5/15/2026,
2026-05-15 13:43:37,2026-05-15 13:47:09,1,100,212,1,2026-05-15 13:47:10,R_GYYcyMo8q3cVn5C,preview,EN,304,,,,1,,3,,,,,,5,-1,ddd,16,ss,,,,,,1,,3,,99,2,4,1,,3,17,5,,1,,0,,5/15/2026,
